"","sample","Int-01","Int-02","Int-03","Int-04","Liv-01","Liv-02","Liv-03","Liv-04"
"1","Int-01",0,34.5620381813034,30.9185657967959,27.073752023091,37.0549365393086,30.4042412432735,44.7801362708043,28.464573336316
"2","Int-02",34.5620381813034,0,37.8283354958472,36.8974430147498,44.8366275250959,40.1973222650962,43.8640606999868,38.5007511980518
"3","Int-03",30.9185657967959,37.8283354958472,0,30.9422893859455,39.4273200556924,33.5992443945453,45.9615080583436,32.2350688513415
"4","Int-04",27.073752023091,36.8974430147498,30.9422893859455,0,37.0079675218634,29.4451908553035,45.0255438657422,27.9874405590164
"5","Liv-01",37.0549365393086,44.8366275250959,39.4273200556924,37.0079675218634,0,36.4394480209203,49.976775275516,34.6931370659269
"6","Liv-02",30.4042412432735,40.1973222650962,33.5992443945453,29.4451908553035,36.4394480209203,0,49.3355043380715,29.0598549056478
"7","Liv-03",44.7801362708043,43.8640606999868,45.9615080583436,45.0255438657422,49.976775275516,49.3355043380715,0,46.7394797304759
"8","Liv-04",28.464573336316,38.5007511980518,32.2350688513415,27.9874405590164,34.6931370659269,29.0598549056478,46.7394797304759,0
